Year/Month,Fraud
2021/01,0.0
2021/02,0.0
2021/03,0.0
2021/04,0.0
2021/05,0.0
2021/06,0.0
2021/07,0.0
2021/08,0.0
2021/09,0.0
2021/10,-0.009362444680666547
2021/11,-0.15888731104409134
2021/12,0.0
2022/01,0.0
2022/02,0.0
2022/03,0.0
2022/04,0.0
2022/05,0.0
2022/06,0.0
2022/07,0.0
2022/08,0.0
2022/09,0.0
2022/10,0.0
2022/11,0.0
2022/12,0.0
2023/01,0.0
2023/02,0.0
2023/03,0.0
2023/04,0.0
2023/05,0.0
2023/06,0.0
